txn_id,src,dst,packet,tiempo_envio_ns,tiempo_recibido_ns,retraso_ns,retraso_ciclos,is_broadcast
301,3,1,0x1d285e6,65,455,390,39,0
1,0,1,0x18d7d7c,75,815,740,74,0
101,1,0,0xb4f7e9,95,1175,1080,108,0
201,2,0,0x52c9a9,105,1535,1430,143,0
302,3,2,0x273ef3f,115,1895,1780,178,0
2,0,2,0x2b6bfad,105,2255,2150,215,0
102,1,3,0x3e8a0e8,135,2615,2480,248,0
202,2,3,0x3128bb2,145,2975,2830,283,0
303,3,1,0x17532c3,165,3335,3170,317,0
3,0,2,0x23c4888,135,3695,3560,356,0
103,1,0,0xed50f3,175,4055,3880,388,0
203,2,0,0x68ad5,185,4415,4230,423,0
304,3,0,0x2b3d99,185,4775,4590,459,0
4,0,1,0x1af017d,175,5135,4960,496,0
104,1,0,0xce973c,205,5495,5290,529,0
204,2,3,0x30bc531,185,5855,5670,567,0
305,3,2,0x2a11b58,225,6215,5990,599,0
5,0,2,0x2d26f36,215,6575,6360,636,0
105,1,3,0x3a67769,255,6935,6680,668,0
205,2,3,0x38c5ff6,215,7295,7080,708,0
306,3,2,0x22ba183,245,7655,7410,741,0
6,0,2,0x2d096dd,245,8015,7770,777,0
106,1,2,0x2315000,285,8375,8090,809,0
206,2,1,0x1682c20,265,8735,8470,847,0
307,3,2,0x220ea59,255,9095,8840,884,0
7,0,2,0x270129e,285,9455,9170,917,0
107,1,0,0x15ebe8,315,9815,9500,950,0
207,2,3,0x38de2eb,305,10175,9870,987,0
308,3,2,0x25230b8,295,10535,10240,1024,0
8,0,1,0x1e3810d,295,10895,10600,1060,0
108,1,0,0x253258,335,11255,10920,1092,0
208,2,1,0x1084228,335,11615,11280,1128,0
309,3,1,0x166d4b4,345,11975,11630,1163,0
9,0,3,0x3ddabac,325,12335,12010,1201,0
109,1,2,0x2398bb6,345,12695,12350,1235,0
209,2,3,0x3406ac4,345,13055,12710,1271,0
310,3,2,0x2dc1766,365,13415,13050,1305,0
10,0,1,0x1ebfa31,355,13775,13420,1342,0
110,1,3,0x3920514,385,14135,13750,1375,0
210,2,3,0x30527ca,355,14495,14140,1414,0
311,3,2,0x280958e,415,14855,14440,1444,0
11,0,1,0x10d0ae1,375,15215,14840,1484,0
111,1,3,0x395901c,385,15575,15190,1519,0
211,2,3,0x3c6e03b,355,15935,15580,1558,0
312,3,2,0x231ccbb,415,16295,15880,1588,0
12,0,1,0x1ffb99d,415,16655,16240,1624,0
112,1,3,0x36bcdc2,415,17015,16600,1660,0
212,2,3,0x3112429,375,17375,17000,1700,0
313,3,2,0x290f62e,415,17735,17320,1732,0
13,0,2,0x2a1b750,415,18095,17680,1768,0
113,1,2,0x2cefc96,455,18455,18000,1800,0
213,2,1,0x184e79c,415,18815,18400,1840,0
314,3,1,0x15dff93,435,19175,18740,1874,0
14,0,2,0x2582dc2,465,19535,19070,1907,0
114,1,2,0x202b1c9,465,19895,19430,1943,0
214,2,3,0x3f37c1d,445,20255,19810,1981,0
315,3,1,0x1fd28ae,445,20615,20170,2017,0
15,0,1,0x1d82b9c,515,20975,20460,2046,0
115,1,2,0x2659cea,465,21335,20870,2087,0
215,2,3,0x3595075,445,21695,21250,2125,0
316,3,0,0xeacbd6,485,22055,21570,2157,0
16,0,1,0x1846194,515,22415,21900,2190,0
116,1,0,0xe8bb00,515,22775,22260,2226,0
216,2,1,0x142a886,455,23135,22680,2268,0
317,3,2,0x2e7a3bf,495,23495,23000,2300,0
17,0,2,0x247e2b0,515,23855,23340,2334,0
117,1,0,0x542e15,515,24215,23700,2370,0
217,2,3,0x32b0051,505,24575,24070,2407,0
318,3,0,0xafe0af,505,24935,24430,2443,0
18,0,2,0x2989e55,525,25295,24770,2477,0
118,1,3,0x315ef7c,535,25655,25120,2512,0
218,2,0,0x2705b7,505,26015,25510,2551,0
319,3,2,0x26fc404,505,26375,25870,2587,0
19,0,2,0x2e17e9c,575,26735,26160,2616,0
119,1,0,0xbf7952,535,27095,26560,2656,0
219,2,3,0x3c9cab1,545,27455,26910,2691,0
320,3,0,0x4ce5c9,515,27815,27300,2730,0
20,0,3,0x35725d1,615,28175,27560,2756,0
120,1,3,0x3475835,565,28535,27970,2797,0
220,2,3,0x3819b21,595,28895,28300,2830,0
321,3,2,0x2ae623b,555,29255,28700,2870,0
21,0,2,0x2b55bcd,655,29615,28960,2896,0
121,1,3,0x3b69381,605,29975,29370,2937,0
221,2,0,0xbc69f8,595,30335,29740,2974,0
322,3,0,0xed56a9,605,30695,30090,3009,0
22,0,1,0x152ed1d,685,31055,30370,3037,0
122,1,0,0xb53c8,625,31415,30790,3079,0
222,2,0,0x1ba43d,625,31775,31150,3115,0
323,3,2,0x23a6ff7,605,32135,31530,3153,0
23,0,1,0x1f3554b,735,32495,31760,3176,0
123,1,0,0x4844e4,645,32855,32210,3221,0
223,2,0,0xbc7d16,625,33215,32590,3259,0
324,3,1,0x106f345,655,33575,32920,3292,0
24,0,3,0x3c1f038,745,33935,33190,3319,0
124,1,3,0x30dd07f,695,34295,33600,3360,0
224,2,1,0x13972c4,645,34655,34010,3401,0
325,3,2,0x21c3d6b,695,35015,34320,3432,0
25,0,3,0x359ae94,765,35375,34610,3461,0
125,1,0,0xc03340,715,35735,35020,3502,0
225,2,1,0x19aa939,645,36095,35450,3545,0
326,3,2,0x238c179,725,36455,35730,3573,0
26,0,3,0x3bb2d8f,805,36815,36010,3601,0
126,1,0,0x92d40c,715,37175,36460,3646,0
226,2,1,0x1b76e03,655,37535,36880,3688,0
327,3,0,0xd42cc2,775,37895,37120,3712,0
27,0,3,0x39530bb,835,38255,37420,3742,0
127,1,0,0x1fa941,765,38615,37850,3785,0
227,2,0,0x7a6ba7,675,38975,38300,3830,0
328,3,2,0x293b9c1,815,39335,38520,3852,0
28,0,3,0x3717242,845,39695,38850,3885,0
128,1,0,0x9ad75f,795,40055,39260,3926,0
228,2,0,0xfa3c85,715,40415,39700,3970,0
329,3,1,0x1986989,865,40775,39910,3991,0
29,0,2,0x20c9aca,865,41135,40270,4027,0
129,1,0,0x460266,815,41495,40680,4068,0
229,2,0,0x85e953,745,41855,41110,4111,0
330,3,1,0x11083be,875,42215,41340,4134,0
30,0,1,0x172aa5b,885,42575,41690,4169,0
130,1,2,0x2d91c3e,825,42935,42110,4211,0
230,2,0,0x7c166e,795,43295,42500,4250,0
331,3,2,0x2f9b7ce,905,43655,42750,4275,0
31,0,3,0x372a820,905,44015,43110,4311,0
131,1,3,0x37d2bdb,855,44375,43520,4352,0
231,2,0,0x3ed75b,815,44735,43920,4392,0
332,3,1,0x140d43d,935,45095,44160,4416,0
32,0,3,0x36970dd,915,45455,44540,4454,0
132,1,3,0x3a07348,875,45815,44940,4494,0
232,2,3,0x329a80c,865,46175,45310,4531,0
333,3,2,0x28ee7a9,935,46535,45600,4560,0
33,0,3,0x3be3d34,935,46895,45960,4596,0
133,1,2,0x2e32f01,925,47255,46330,4633,0
233,2,0,0x89293e,905,47615,46710,4671,0
334,3,2,0x2d8bdad,945,47975,47030,4703,0
34,0,2,0x292910a,955,48335,47380,4738,0
134,1,3,0x3d80b81,965,48695,47730,4773,0
234,2,0,0x50d8b8,915,49055,48140,4814,0
335,3,2,0x2bdaf40,965,49415,48450,4845,0
35,0,3,0x3138dcd,1005,49775,48770,4877,0
135,1,0,0xfe63a4,965,50135,49170,4917,0
235,2,1,0x1d07bf6,935,50495,49560,4956,0
336,3,2,0x28764f1,975,50855,49880,4988,0
36,0,1,0x1800d14,1005,51215,50210,5021,0
136,1,3,0x36a73e6,995,51575,50580,5058,0
236,2,1,0x1a58b0f,965,51935,50970,5097,0
337,3,0,0xe53ee,995,52295,51300,5130,0
37,0,2,0x28820d9,1005,52655,51650,5165,0
137,1,3,0x3b16cb3,1035,53015,51980,5198,0
237,2,0,0x19f987,975,53375,52400,5240,0
338,3,2,0x2168033,1015,53735,52720,5272,0
38,0,1,0x156f0cb,1045,54095,53050,5305,0
138,1,3,0x37d7eba,1065,54455,53390,5339,0
238,2,1,0x1639bb3,1005,54815,53810,5381,0
339,3,2,0x23b8fc9,1055,55175,54120,5412,0
39,0,2,0x2e09734,1075,55535,54460,5446,0
139,1,0,0x8f9937,1095,55895,54800,5480,0
239,2,3,0x3b98156,1005,56255,55250,5525,0
340,3,0,0xc89b93,1075,56615,55540,5554,0
40,0,2,0x2fac1fc,1115,56975,55860,5586,0
140,1,2,0x2fba02a,1145,57335,56190,5619,0
240,2,1,0x1371137,1035,57695,56660,5666,0
341,3,0,0x100305,1075,58055,56980,5698,0
41,0,1,0x1a6e7a3,1155,58415,57260,5726,0
141,1,3,0x3231500,1165,58775,57610,5761,0
241,2,3,0x3e4bb5d,1035,59135,58100,5810,0
342,3,0,0x9f8523,1125,59495,58370,5837,0
42,0,3,0x3f35fd1,1175,59855,58680,5868,0
142,1,0,0xfa367d,1185,60215,59030,5903,0
242,2,1,0x108c24e,1035,60575,59540,5954,0
343,3,1,0x18ee026,1175,60935,59760,5976,0
43,0,3,0x359599f,1225,61295,60070,6007,0
143,1,0,0xa65fe6,1195,61655,60460,6046,0
243,2,1,0x1d50024,1035,62015,60980,6098,0
344,3,1,0x17119a0,1195,62375,61180,6118,0
44,0,2,0x28d31ce,1265,62735,61470,6147,0
144,1,3,0x3979bf1,1195,63095,61900,6190,0
244,2,3,0x3c71b90,1055,63455,62400,6240,0
345,3,2,0x25b74f4,1195,63815,62620,6262,0
45,0,2,0x26eb449,1285,64175,62890,6289,0
145,1,0,0x25566f,1245,64535,63290,6329,0
245,2,1,0x13a966d,1055,64895,63840,6384,0
346,3,1,0x133ff8a,1235,65255,64020,6402,0
46,0,3,0x3d92523,1295,65615,64320,6432,0
146,1,0,0xad90b6,1255,65975,64720,6472,0
246,2,3,0x36fa288,1105,66335,65230,6523,0
347,3,2,0x224f065,1235,66695,65460,6546,0
47,0,3,0x3415bac,1335,67055,65720,6572,0
147,1,3,0x358eb8e,1275,67415,66140,6614,0
247,2,3,0x3bc0936,1105,67775,66670,6667,0
348,3,1,0x14885c8,1255,68135,66880,6688,0
48,0,3,0x3adefc3,1375,68495,67120,6712,0
148,1,3,0x3e02a91,1275,68855,67580,6758,0
248,2,0,0x455a5d,1115,69215,68100,6810,0
349,3,0,0xaff921,1255,69575,68320,6832,0
49,0,2,0x2220e3e,1415,69935,68520,6852,0
149,1,2,0x273be8d,1315,70295,68980,6898,0
249,2,0,0xb8e11a,1155,70655,69500,6950,0
350,3,1,0x16b38d1,1265,71015,69750,6975,0
50,0,3,0x3325d7d,1435,71375,69940,6994,0
150,1,0,0x5702e8,1315,71735,70420,7042,0
250,2,0,0x682245,1155,72095,70940,7094,0
351,3,0,0xa479ff,1315,72455,71140,7114,0
51,0,3,0x304a890,1465,72815,71350,7135,0
151,1,3,0x3659e8a,1335,73175,71840,7184,0
251,2,3,0x350ce49,1175,73535,72360,7236,0
352,3,1,0x11291d6,1315,73895,72580,7258,0
52,0,3,0x3512f7f,1475,74255,72780,7278,0
152,1,0,0x63f7de,1385,74615,73230,7323,0
252,2,1,0x1666b68,1185,74975,73790,7379,0
353,3,2,0x2d1da5d,1365,75335,73970,7397,0
53,0,3,0x39b4ebf,1475,75695,74220,7422,0
153,1,3,0x3f347a5,1385,76055,74670,7467,0
253,2,0,0xef21c9,1235,76415,75180,7518,0
354,3,1,0x1c7e92a,1385,76775,75390,7539,0
54,0,3,0x31e3c9c,1475,77135,75660,7566,0
154,1,3,0x350b6da,1395,77495,76100,7610,0
254,2,0,0xb633b0,1235,77855,76620,7662,0
355,3,0,0x131bee,1415,78215,76800,7680,0
55,0,1,0x17c0347,1495,78575,77080,7708,0
155,1,3,0x33f4326,1405,78935,77530,7753,0
255,2,1,0x155b8d3,1245,79295,78050,7805,0
356,3,1,0x1b6ac8e,1465,79655,78190,7819,0
56,0,2,0x233fdd6,1495,80015,78520,7852,0
156,1,0,0x63c6ac,1425,80375,78950,7895,0
256,2,3,0x35ce850,1245,80735,79490,7949,0
357,3,2,0x261ca2a,1485,81095,79610,7961,0
57,0,2,0x22b4595,1515,81455,79940,7994,0
157,1,0,0xd33cd5,1455,81815,80360,8036,0
257,2,3,0x3171758,1245,82175,80930,8093,0
358,3,0,0x981404,1535,82535,81000,8100,0
58,0,3,0x3b427bb,1545,82895,81350,8135,0
158,1,0,0xa6,1455,83255,81800,8180,0
258,2,3,0x33b147e,1275,83615,82340,8234,0
359,3,2,0x2fb006e,1555,83975,82420,8242,0
59,0,3,0x3970ac4,1595,84335,82740,8274,0
159,1,3,0x39de52f,1465,84695,83230,8323,0
259,2,3,0x3a3ab03,1325,85055,83730,8373,0
360,3,0,0xc3e3ac,1595,85415,83820,8382,0
60,0,1,0x162c723,1635,85775,84140,8414,0
160,1,3,0x39bdce8,1515,86135,84620,8462,0
260,2,3,0x3e345c9,1345,86495,85150,8515,0
361,3,0,0x1f838f,1605,86855,85250,8525,0
61,0,2,0x2094b46,1655,87215,85560,8556,0
161,1,3,0x376f2a8,1565,87575,86010,8601,0
261,2,0,0x25462e,1365,87935,86570,8657,0
362,3,0,0x6e1ef1,1645,88295,86650,8665,0
62,0,3,0x344a5e6,1675,88655,86980,8698,0
162,1,0,0x737ccc,1615,89015,87400,8740,0
262,2,3,0x3970079,1405,89375,87970,8797,0
363,3,0,0x6059a0,1685,89735,88050,8805,0
63,0,1,0x17316b7,1695,90095,88400,8840,0
163,1,0,0xe578ed,1665,90455,88790,8879,0
263,2,1,0x16967ba,1405,90815,89410,8941,0
364,3,1,0x14c64d0,1705,91175,89470,8947,0
64,0,1,0x1b3b602,1705,91535,89830,8983,0
164,1,2,0x25a0651,1675,91895,90220,9022,0
264,2,0,0xf8a890,1445,92255,90810,9081,0
365,3,1,0x1220c13,1745,92615,90870,9087,0
65,0,3,0x372d785,1735,92975,91240,9124,0
165,1,2,0x20438c4,1715,93335,91620,9162,0
265,2,0,0x30c380,1495,93695,92200,9220,0
366,3,0,0x29027e,1785,94055,92270,9227,0
66,0,3,0x3a57797,1785,94415,92630,9263,0
166,1,3,0x327a9ca,1745,94775,93030,9303,0
266,2,0,0xa126e2,1535,95135,93600,9360,0
367,3,0,0xa0e469,1795,95495,93700,9370,0
67,0,1,0x1b58f10,1825,95855,94030,9403,0
167,1,3,0x3d1f164,1765,96215,94450,9445,0
267,2,0,0x2de2d2,1565,96575,95010,9501,0
368,3,2,0x22483df,1815,96935,95120,9512,0
68,0,1,0x18324db,1845,97295,95450,9545,0
168,1,2,0x240d549,1765,97655,95890,9589,0
268,2,1,0x1f60822,1565,98015,96450,9645,0
369,3,0,0xc6ff3e,1855,98375,96520,9652,0
69,0,3,0x3ed0178,1885,98735,96850,9685,0
169,1,0,0x6997ef,1785,99095,97310,9731,0
269,2,3,0x3876fad,1575,99455,97880,9788,0
370,3,1,0x1eff72d,1895,99815,97920,9792,0
70,0,1,0x1f8f320,1885,100175,98290,9829,0
170,1,2,0x2edd863,1795,100535,98740,9874,0
270,2,0,0xe93e32,1625,100895,99270,9927,0
371,3,0,0xaf248c,1905,101255,99350,9935,0
71,0,2,0x2a9f3ca,1895,101615,99720,9972,0
171,1,0,0xeb4fdd,1825,101975,100150,10015,0
271,2,1,0x17304c5,1625,102335,100710,10071,0
372,3,1,0x10978d6,1935,102695,100760,10076,0
72,0,2,0x2832a56,1945,103055,101110,10111,0
172,1,0,0x436904,1825,103415,101590,10159,0
272,2,0,0xd59060,1655,103775,102120,10212,0
373,3,2,0x2aee694,1985,104135,102150,10215,0
73,0,2,0x24ad082,1975,104495,102520,10252,0
173,1,2,0x2c2ae91,1835,104855,103020,10302,0
273,2,1,0x1919592,1665,105215,103550,10355,0
374,3,2,0x27ee895,2025,105575,103550,10355,0
74,0,2,0x28da9eb,1975,105935,103960,10396,0
174,1,0,0xf6c1d8,1855,106295,104440,10444,0
274,2,1,0x16e757b,1665,106655,104990,10499,0
375,3,0,0xc91365,2045,107015,104970,10497,0
75,0,3,0x345a028,1985,107375,105390,10539,0
175,1,0,0xb9a3de,1905,107735,105830,10583,0
275,2,0,0x7c6b3f,1715,108095,106380,10638,0
376,3,0,0xb443e5,2055,108455,106400,10640,0
76,0,2,0x220b440,1985,108815,106830,10683,0
176,1,3,0x34e6d51,1945,109175,107230,10723,0
276,2,1,0x104c0b5,1735,109535,107800,10780,0
377,3,0,0xfe9c11,2105,109895,107790,10779,0
77,0,1,0x144ebab,2035,110255,108220,10822,0
177,1,3,0x333e7aa,1965,110615,108650,10865,0
277,2,3,0x3be6cf8,1755,110975,109220,10922,0
378,3,1,0x1c79cdc,2105,111335,109230,10923,0
78,0,1,0x1fb4636,2055,111695,109640,10964,0
178,1,3,0x37acd8b,1985,112055,110070,11007,0
278,2,1,0x106609b,1765,112415,110650,11065,0
379,3,1,0x1262c2e,2135,112775,110640,11064,0
79,0,1,0x145a0a1,2075,113135,111060,11106,0
179,1,2,0x2cc8c4d,1995,113495,111500,11150,0
279,2,0,0x8abed0,1785,113855,112070,11207,0
380,3,2,0x2839ac4,2175,114215,112040,11204,0
80,0,1,0x18f933e,2075,114575,112500,11250,0
180,1,3,0x3ba9a4b,2035,114935,112900,11290,0
280,2,3,0x351ef62,1835,115295,113460,11346,0
381,3,2,0x26c4b82,2175,115655,113480,11348,0
81,0,1,0x1847290,2115,116015,113900,11390,0
181,1,0,0xebd4d9,2085,116375,114290,11429,0
281,2,3,0x3d6e754,1845,116735,114890,11489,0
382,3,0,0x36bef6,2175,117095,114920,11492,0
82,0,3,0x35a2831,2165,117455,115290,11529,0
182,1,2,0x274ada4,2115,117815,115700,11570,0
282,2,0,0x44c9f6,1855,118175,116320,11632,0
383,3,0,0x8dfe78,2175,118535,116360,11636,0
83,0,2,0x2faec88,2175,118895,116720,11672,0
183,1,3,0x3df2749,2165,119255,117090,11709,0
283,2,0,0x13cacd,1885,119615,117730,11773,0
384,3,1,0x1ee0a55,2205,119975,117770,11777,0
84,0,2,0x20cdedd,2195,120335,118140,11814,0
184,1,0,0x40569c,2165,120695,118530,11853,0
284,2,0,0xd42876,1905,121055,119150,11915,0
385,3,1,0x178f688,2225,121415,119190,11919,0
85,0,2,0x2f79444,2215,121775,119560,11956,0
185,1,3,0x352ca85,2165,122135,119970,11997,0
285,2,3,0x34ec713,1905,122495,120590,12059,0
386,3,1,0x1c7cba8,2255,122855,120600,12060,0
86,0,2,0x24941f4,2245,123215,120970,12097,0
186,1,3,0x3e51c97,2205,123575,121370,12137,0
286,2,3,0x33709ab,1955,123935,121980,12198,0
387,3,0,0x57bfea,2285,124295,122010,12201,0
87,0,1,0x149fe0f,2295,124655,122360,12236,0
187,1,3,0x3ae38c7,2255,125015,122760,12276,0
287,2,3,0x38773c8,1995,125375,123380,12338,0
388,3,0,0x96e3aa,2335,125735,123400,12340,0
88,0,1,0x106015d,2345,126095,123750,12375,0
188,1,3,0x3066132,2305,126455,124150,12415,0
288,2,0,0xc5b8e0,2035,126815,124780,12478,0
389,3,0,0x200607,2365,127175,124810,12481,0
89,0,2,0x20ffcb1,2385,127535,125150,12515,0
189,1,3,0x3148d0e,2315,127895,125580,12558,0
289,2,0,0xfe0641,2035,128255,126220,12622,0
390,3,1,0x16cf56b,2375,128615,126240,12624,0
90,0,3,0x323fec5,2385,128975,126590,12659,0
190,1,3,0x3de7706,2325,129335,127010,12701,0
290,2,1,0x1f5d20c,2065,129695,127630,12763,0
391,3,2,0x2effc1f,2375,130055,127680,12768,0
91,0,1,0x19dd475,2435,130415,127980,12798,0
191,1,0,0xc2b7d4,2355,130775,128420,12842,0
291,2,3,0x31eecd5,2075,131135,129060,12906,0
392,3,1,0x1558d11,2385,131495,129110,12911,0
92,0,2,0x2d3cafc,2445,131855,129410,12941,0
192,1,0,0xbdba58,2395,132215,129820,12982,0
292,2,1,0x1b6e385,2085,132575,130490,13049,0
393,3,1,0x1115965,2405,132935,130530,13053,0
93,0,2,0x26f6390,2455,133295,130840,13084,0
193,1,3,0x31e2f78,2435,133655,131220,13122,0
293,2,0,0xcb2f26,2125,134015,131890,13189,0
394,3,2,0x249abd7,2415,134375,131960,13196,0
94,0,3,0x383ff6a,2465,134735,132270,13227,0
194,1,0,0x9c5fb6,2445,135095,132650,13265,0
294,2,3,0x3334a4d,2155,135455,133300,13330,0
395,3,2,0x280c5a3,2425,135815,133390,13339,0
95,0,2,0x2ecded6,2505,136175,133670,13367,0
195,1,0,0x9b81a2,2445,136535,134090,13409,0
295,2,0,0xc7b451,2205,136895,134690,13469,0
396,3,2,0x2428ac5,2475,137255,134780,13478,0
96,0,3,0x3f6d732,2555,137615,135060,13506,0
196,1,0,0x360c4e,2495,137975,135480,13548,0
296,2,3,0x38169f1,2225,138335,136110,13611,0
397,3,2,0x2465cc2,2475,138695,136220,13622,0
97,0,2,0x287e440,2565,139055,136490,13649,0
197,1,3,0x3973a81,2545,139415,136870,13687,0
297,2,1,0x1c83c59,2225,139775,137550,13755,0
398,3,1,0x10c55ae,2475,140135,137660,13766,0
98,0,1,0x1246436,2615,140495,137880,13788,0
198,1,3,0x3fb816b,2545,140855,138310,13831,0
298,2,0,0x224bdc,2225,141215,138990,13899,0
399,3,2,0x2a86f2e,2485,141575,139090,13909,0
99,0,1,0x1dd3604,2625,141935,139310,13931,0
199,1,0,0xcc296a,2565,142295,139730,13973,0
299,2,3,0x3191d36,2275,142655,140380,14038,0
400,3,0,0xa86b39,2485,143015,140530,14053,0
100,0,1,0x13102c4,2645,143375,140730,14073,0
200,1,0,0x6766d9,2585,143735,141150,14115,0
300,2,0,0xa61981,2285,144095,141810,14181,0
