txn_id,src,dst,packet,tiempo_envio,tiempo_recibido,retraso,retraso_ciclos,is_broadcast
151,3,2,0x23a,105000,295000,190000,19,0
1,0,2,0x280,135000,495000,360000,36,0
51,1,0,0x7d,105000,695000,590000,59,0
101,2,0,0xe3,145000,895000,750000,75,0
152,3,0,0xf6,325000,1095000,770000,77,0
2,0,3,0x383,525000,1295000,770000,77,0
52,1,2,0x2dd,725000,1495000,770000,77,0
102,2,0,0x34,925000,1695000,770000,77,0
153,3,1,0x199,1125000,1895000,770000,77,0
3,0,1,0x137,1325000,2095000,770000,77,0
53,1,2,0x20b,1525000,2295000,770000,77,0
103,2,3,0x3c2,1725000,2495000,770000,77,0
154,3,2,0x220,1925000,2695000,770000,77,0
4,0,3,0x347,2125000,2895000,770000,77,0
54,1,0,0x51,2325000,3095000,770000,77,0
104,2,0,0x9b,2525000,3295000,770000,77,0
155,3,1,0x108,2725000,3495000,770000,77,0
5,0,1,0x143,2925000,3695000,770000,77,0
55,1,2,0x247,3125000,3895000,770000,77,0
105,2,0,0x7d,3325000,4095000,770000,77,0
156,3,0,0x28,3525000,4295000,770000,77,0
6,0,3,0x34b,3725000,4495000,770000,77,0
56,1,3,0x373,3925000,4695000,770000,77,0
106,2,0,0x6e,4125000,4895000,770000,77,0
157,3,2,0x263,4325000,5095000,770000,77,0
7,0,3,0x303,4525000,5295000,770000,77,0
57,1,0,0xc,4725000,5495000,770000,77,0
107,2,0,0xb7,4925000,5695000,770000,77,0
158,3,1,0x155,5125000,5895000,770000,77,0
8,0,2,0x2f9,5325000,6095000,770000,77,0
58,1,2,0x2ca,5525000,6295000,770000,77,0
108,2,0,0xa7,5725000,6495000,770000,77,0
159,3,1,0x19f,5925000,6695000,770000,77,0
9,0,2,0x212,6125000,6895000,770000,77,0
59,1,0,0xdc,6325000,7095000,770000,77,0
109,2,0,0xf5,6525000,7295000,770000,77,0
160,3,1,0x148,6725000,7495000,770000,77,0
10,0,1,0x1bb,6925000,7695000,770000,77,0
60,1,0,0x1b,7125000,7895000,770000,77,0
110,2,0,0x81,7325000,8095000,770000,77,0
161,3,2,0x2b2,7525000,8295000,770000,77,0
11,0,3,0x360,7725000,8495000,770000,77,0
61,1,0,0x98,7925000,8695000,770000,77,0
111,2,1,0x103,8125000,8895000,770000,77,0
162,3,2,0x2de,8325000,9095000,770000,77,0
12,0,2,0x27f,8525000,9295000,770000,77,0
62,1,0,0xe9,8725000,9495000,770000,77,0
112,2,0,0xe0,8925000,9695000,770000,77,0
163,3,0,0x7,9125000,9895000,770000,77,0
13,0,1,0x17f,9325000,10095000,770000,77,0
63,1,0,0x85,9525000,10295000,770000,77,0
113,2,0,0xee,9725000,10495000,770000,77,0
164,3,2,0x254,9925000,10695000,770000,77,0
14,0,2,0x2e0,10125000,10895000,770000,77,0
64,1,2,0x238,10325000,11095000,770000,77,0
114,2,1,0x107,10525000,11295000,770000,77,0
165,3,0,0x9d,10725000,11495000,770000,77,0
15,0,2,0x2b7,10925000,11695000,770000,77,0
65,1,3,0x36c,11125000,11895000,770000,77,0
115,2,1,0x125,11325000,12095000,770000,77,0
166,3,1,0x111,11525000,12295000,770000,77,0
16,0,3,0x3e8,11725000,12495000,770000,77,0
66,1,3,0x3b0,11925000,12695000,770000,77,0
116,2,0,0x42,12125000,12895000,770000,77,0
167,3,0,0x8,12325000,13095000,770000,77,0
17,0,3,0x32f,12525000,13295000,770000,77,0
67,1,3,0x306,12725000,13495000,770000,77,0
117,2,0,0x8a,12925000,13695000,770000,77,0
168,3,2,0x292,13125000,13895000,770000,77,0
18,0,1,0x122,13325000,14095000,770000,77,0
68,1,0,0x4e,13525000,14295000,770000,77,0
118,2,3,0x3f6,13725000,14495000,770000,77,0
169,3,0,0xdc,13925000,14695000,770000,77,0
19,0,2,0x244,14125000,14895000,770000,77,0
69,1,3,0x3c6,14325000,15095000,770000,77,0
119,2,0,0x74,14525000,15295000,770000,77,0
170,3,2,0x239,14725000,15495000,770000,77,0
20,0,2,0x2d8,14925000,15695000,770000,77,0
70,1,0,0xde,15125000,15895000,770000,77,0
120,2,0,0x7d,15325000,16095000,770000,77,0
171,3,1,0x156,15525000,16295000,770000,77,0
21,0,1,0x110,15725000,16495000,770000,77,0
71,1,2,0x285,15925000,16695000,770000,77,0
121,2,0,0xab,16125000,16895000,770000,77,0
172,3,1,0x173,16325000,17095000,770000,77,0
22,0,2,0x280,16525000,17295000,770000,77,0
72,1,3,0x3dc,16725000,17495000,770000,77,0
122,2,1,0x143,16925000,17695000,770000,77,0
173,3,2,0x270,17125000,17895000,770000,77,0
23,0,3,0x3b0,17325000,18095000,770000,77,0
73,1,2,0x252,17525000,18295000,770000,77,0
123,2,1,0x13d,17725000,18495000,770000,77,0
174,3,1,0x12f,17925000,18695000,770000,77,0
24,0,3,0x30e,18125000,18895000,770000,77,0
74,1,2,0x23d,18325000,19095000,770000,77,0
124,2,0,0x37,18525000,19295000,770000,77,0
175,3,1,0x12d,18725000,19495000,770000,77,0
25,0,3,0x3a6,18925000,19695000,770000,77,0
75,1,2,0x24e,19125000,19895000,770000,77,0
125,2,3,0x336,19325000,20095000,770000,77,0
176,3,0,0x98,19525000,20295000,770000,77,0
26,0,1,0x17f,19725000,20495000,770000,77,0
76,1,0,0x82,19925000,20695000,770000,77,0
126,2,3,0x303,20125000,20895000,770000,77,0
177,3,2,0x239,20325000,21095000,770000,77,0
27,0,2,0x2a9,20525000,21295000,770000,77,0
77,1,3,0x320,20725000,21495000,770000,77,0
127,2,3,0x3e3,20925000,21695000,770000,77,0
178,3,0,0x71,21125000,21895000,770000,77,0
28,0,2,0x2d5,21325000,22095000,770000,77,0
78,1,3,0x307,21525000,22295000,770000,77,0
128,2,1,0x162,21725000,22495000,770000,77,0
179,3,0,0xc9,21925000,22695000,770000,77,0
29,0,2,0x2e7,22125000,22895000,770000,77,0
79,1,2,0x20b,22325000,23095000,770000,77,0
129,2,0,0xf9,22525000,23295000,770000,77,0
180,3,1,0x152,22725000,23495000,770000,77,0
30,0,1,0x1a4,22925000,23695000,770000,77,0
80,1,2,0x291,23125000,23895000,770000,77,0
130,2,0,0x51,23325000,24095000,770000,77,0
181,3,2,0x2fa,23525000,24295000,770000,77,0
31,0,2,0x2c3,23725000,24495000,770000,77,0
81,1,2,0x238,23925000,24695000,770000,77,0
131,2,3,0x301,24125000,24895000,770000,77,0
182,3,2,0x286,24325000,25095000,770000,77,0
32,0,2,0x292,24525000,25295000,770000,77,0
82,1,3,0x31a,24725000,25495000,770000,77,0
132,2,0,0x25,24925000,25695000,770000,77,0
183,3,0,0xc3,25125000,25895000,770000,77,0
33,0,3,0x349,25325000,26095000,770000,77,0
83,1,0,0xff,25525000,26295000,770000,77,0
133,2,1,0x1cc,25725000,26495000,770000,77,0
184,3,0,0x18,25925000,26695000,770000,77,0
34,0,2,0x20e,26125000,26895000,770000,77,0
84,1,0,0x1,26325000,27095000,770000,77,0
134,2,3,0x3a6,26525000,27295000,770000,77,0
185,3,1,0x18f,26725000,27495000,770000,77,0
35,0,2,0x2ad,26925000,27695000,770000,77,0
85,1,2,0x207,27125000,27895000,770000,77,0
135,2,3,0x37e,27325000,28095000,770000,77,0
186,3,1,0x104,27525000,28295000,770000,77,0
36,0,3,0x3df,27725000,28495000,770000,77,0
86,1,3,0x36a,27925000,28695000,770000,77,0
136,2,1,0x1b2,28125000,28895000,770000,77,0
187,3,0,0xbf,28325000,29095000,770000,77,0
37,0,2,0x210,28525000,29295000,770000,77,0
87,1,0,0xfd,28725000,29495000,770000,77,0
137,2,3,0x33c,28925000,29695000,770000,77,0
188,3,0,0xb4,29125000,29895000,770000,77,0
38,0,2,0x2d7,29325000,30095000,770000,77,0
88,1,2,0x28f,29525000,30295000,770000,77,0
138,2,3,0x3c8,29725000,30495000,770000,77,0
189,3,2,0x24a,29925000,30695000,770000,77,0
39,0,2,0x266,30125000,30895000,770000,77,0
89,1,0,0x76,30325000,31095000,770000,77,0
139,2,0,0xed,30525000,31295000,770000,77,0
190,3,2,0x251,30725000,31495000,770000,77,0
40,0,3,0x358,30925000,31695000,770000,77,0
90,1,2,0x283,31125000,31895000,770000,77,0
140,2,0,0x2f,31325000,32095000,770000,77,0
191,3,2,0x20a,31525000,32295000,770000,77,0
41,0,2,0x232,31725000,32495000,770000,77,0
91,1,0,0xa5,31925000,32695000,770000,77,0
141,2,3,0x31f,32125000,32895000,770000,77,0
192,3,0,0x95,32325000,33095000,770000,77,0
42,0,3,0x3c6,32525000,33295000,770000,77,0
92,1,2,0x2f0,32725000,33495000,770000,77,0
142,2,3,0x3d2,32925000,33695000,770000,77,0
193,3,0,0x8f,33125000,33895000,770000,77,0
43,0,2,0x265,33325000,34095000,770000,77,0
93,1,2,0x2a5,33525000,34295000,770000,77,0
143,2,3,0x329,33725000,34495000,770000,77,0
194,3,2,0x2ef,33925000,34695000,770000,77,0
44,0,3,0x3ef,34125000,34895000,770000,77,0
94,1,0,0xd2,34325000,35095000,770000,77,0
144,2,1,0x148,34525000,35295000,770000,77,0
195,3,2,0x2e8,34725000,35495000,770000,77,0
45,0,2,0x2ef,34925000,35695000,770000,77,0
95,1,0,0x2c,35125000,35895000,770000,77,0
145,2,0,0x8a,35325000,36095000,770000,77,0
196,3,0,0x38,35525000,36295000,770000,77,0
46,0,2,0x2a9,35725000,36495000,770000,77,0
96,1,0,0xe9,35925000,36695000,770000,77,0
146,2,0,0xa5,36125000,36895000,770000,77,0
197,3,2,0x214,36325000,37095000,770000,77,0
47,0,2,0x2a1,36525000,37295000,770000,77,0
97,1,2,0x24d,36725000,37495000,770000,77,0
147,2,3,0x3ef,36925000,37695000,770000,77,0
198,3,1,0x101,37125000,37895000,770000,77,0
48,0,1,0x1f1,37325000,38095000,770000,77,0
98,1,2,0x216,37525000,38295000,770000,77,0
148,2,0,0x51,37725000,38495000,770000,77,0
199,3,0,0xe6,37925000,38695000,770000,77,0
49,0,3,0x323,38125000,38895000,770000,77,0
99,1,0,0xfc,38325000,39095000,770000,77,0
149,2,0,0x26,38525000,39295000,770000,77,0
200,3,1,0x194,38725000,39495000,770000,77,0
50,0,1,0x1fc,38925000,39695000,770000,77,0
100,1,0,0x3c,39125000,39895000,770000,77,0
150,2,3,0x3e2,39325000,40095000,770000,77,0
